INSERT INTO users (id, first_name, last_name, email, created_at) VALUES (1, 'Jennifer Evans', 'Vanessa Gentry', 'davidgarcia@example.org', 2022-02-19 22:04:01);
INSERT INTO users (id, first_name, last_name, email, created_at) VALUES (2, 'Tammy Murphy', 'Rebekah Jones', 'nicholasharper@example.com', 2024-05-25 08:48:53);
INSERT INTO users (id, first_name, last_name, email, created_at) VALUES (3, 'Marc Gonzalez', 'Daniel Williams', 'erikawilson@example.org', 2020-02-06 06:10:46);
INSERT INTO users (id, first_name, last_name, email, created_at) VALUES (4, 'Michele Morgan', 'Jose Tapia', 'henryemily@example.net', 2022-09-30 01:19:18);
INSERT INTO users (id, first_name, last_name, email, created_at) VALUES (5, 'Hannah Johnson', 'Robert Mcintyre', 'pross@example.net', 2022-05-12 01:03:31);
INSERT INTO products (id, name, price) VALUES (1, 'Kristen Morrison', 774.01);
INSERT INTO products (id, name, price) VALUES (2, 'Joyce Green', 131.74);
INSERT INTO products (id, name, price) VALUES (3, 'Larry Rios', 206.01);
INSERT INTO products (id, name, price) VALUES (4, 'Lee Hardy', 857.38);
INSERT INTO products (id, name, price) VALUES (5, 'Kimberly Taylor', 532.42);
INSERT INTO orders (id, user_id, product_id, quantity, order_date) VALUES (1, 4, 5, 166, 2023-12-28);
INSERT INTO orders (id, user_id, product_id, quantity, order_date) VALUES (2, 3, 3, 277, 2024-04-11);
INSERT INTO orders (id, user_id, product_id, quantity, order_date) VALUES (3, 2, 4, 349, 2024-12-15);
INSERT INTO orders (id, user_id, product_id, quantity, order_date) VALUES (4, 4, 1, 507, 2024-02-02);
INSERT INTO orders (id, user_id, product_id, quantity, order_date) VALUES (5, 3, 1, 578, 2023-06-04);
