INSERT INTO users (id, first_name, last_name, email, created_at) VALUES (1, 'Sara Lynch', 'Paul Alvarez', 'jacksonkaren@example.org', 2021-11-30 04:26:56);
INSERT INTO users (id, first_name, last_name, email, created_at) VALUES (2, 'Bobby Thomas', 'Kimberly Parker', 'rodriguezkyle@example.net', 2024-05-20 02:20:50);
INSERT INTO users (id, first_name, last_name, email, created_at) VALUES (3, 'Stacy King', 'Debra Barnes', 'stanleykayla@example.com', 2023-04-01 14:06:05);
INSERT INTO users (id, first_name, last_name, email, created_at) VALUES (4, 'Jamie Smith', 'Dr. Brian Williams', 'karen31@example.net', 2021-03-11 23:18:39);
INSERT INTO users (id, first_name, last_name, email, created_at) VALUES (5, 'Timothy Mullen', 'Diana Morales', 'ryangraves@example.net', 2022-06-09 17:07:23);
INSERT INTO users (id, first_name, last_name, email, created_at) VALUES (6, 'Joseph Villarreal', 'Jacob Miller', 'djuarez@example.com', 2023-10-15 08:07:31);
INSERT INTO users (id, first_name, last_name, email, created_at) VALUES (7, 'Debbie Brady', 'Alexandria Hernandez', 'tammyflores@example.net', 2025-08-15 11:15:27);
INSERT INTO users (id, first_name, last_name, email, created_at) VALUES (8, 'Jordan Smith', 'Brianna Peterson', 'juarezjoshua@example.net', 2020-09-15 11:47:09);
INSERT INTO users (id, first_name, last_name, email, created_at) VALUES (9, 'Roger Hill', 'Dylan Smith', 'jessicafletcher@example.org', 2021-03-31 06:56:50);
INSERT INTO users (id, first_name, last_name, email, created_at) VALUES (10, 'Mariah Smith', 'Mr. Derek Moore MD', 'sonyagregory@example.com', 2025-08-10 12:32:03);
INSERT INTO products (id, name, price) VALUES (1, 'Tiffany Bailey', 165.55);
INSERT INTO products (id, name, price) VALUES (2, 'Natalie Yates', 466.90);
INSERT INTO products (id, name, price) VALUES (3, 'Jacqueline Lane', 375.12);
INSERT INTO products (id, name, price) VALUES (4, 'Daniel Anderson', 725.35);
INSERT INTO products (id, name, price) VALUES (5, 'Justin Lee', 376.32);
INSERT INTO products (id, name, price) VALUES (6, 'Calvin Lawrence', 594.59);
INSERT INTO products (id, name, price) VALUES (7, 'Emily Daniels', 852.69);
INSERT INTO products (id, name, price) VALUES (8, 'Jason Gonzalez', 239.70);
INSERT INTO products (id, name, price) VALUES (9, 'Cindy Henderson', 329.22);
INSERT INTO products (id, name, price) VALUES (10, 'Whitney Townsend', 605.95);
INSERT INTO orders (id, user_id, product_id, quantity, order_date) VALUES (1, 9, 5, 698, 2020-12-16);
INSERT INTO orders (id, user_id, product_id, quantity, order_date) VALUES (2, 10, 9, 989, 2022-03-16);
INSERT INTO orders (id, user_id, product_id, quantity, order_date) VALUES (3, 5, 9, 751, 2025-12-02);
INSERT INTO orders (id, user_id, product_id, quantity, order_date) VALUES (4, 8, 3, 461, 2024-11-16);
INSERT INTO orders (id, user_id, product_id, quantity, order_date) VALUES (5, 8, 10, 647, 2023-10-06);
INSERT INTO orders (id, user_id, product_id, quantity, order_date) VALUES (6, 1, 2, 378, 2026-01-16);
INSERT INTO orders (id, user_id, product_id, quantity, order_date) VALUES (7, 6, 4, 950, 2020-10-25);
INSERT INTO orders (id, user_id, product_id, quantity, order_date) VALUES (8, 3, 3, 920, 2025-04-10);
INSERT INTO orders (id, user_id, product_id, quantity, order_date) VALUES (9, 4, 1, 880, 2023-06-03);
INSERT INTO orders (id, user_id, product_id, quantity, order_date) VALUES (10, 4, 7, 563, 2025-11-03);
